电影名称,封面链接,导演,编剧,主演,类型,制片国家/地区,语言,上映日期,片长,豆瓣评分,评价人数
肖申克的救赎,https://img3.doubanio.com/view/photo/m_ratio_poster/public/p2934829882.jpg,弗兰克·德拉邦特,弗兰克·德拉邦特,蒂姆·罗宾斯 / 摩根·弗里曼 / 鲍勃·冈顿 / 威廉·赛德勒 / 克兰西·布朗 / 吉尔·贝罗斯 / 马克·罗斯顿 / 詹姆斯·惠特摩,剧情 / 犯罪,美国,英语,2026-08-28(中国大陆),142分钟,9.7,3341411
霸王别姬,https://img1.doubanio.com/view/photo/m_ratio_poster/public/p2911205318.jpg,陈凯歌,芦苇,张国荣 / 张丰毅 / 巩俐 / 葛优 / 英达 / 蒋雯丽 / 吴大维 / 吕齐,剧情 / 爱情 / 同性,中国大陆 / 中国香港,汉语普通话,1993-07-26(中国大陆),171分钟 / 155分钟(美国剧场版),9.6,2454175
泰坦尼克号,https://img9.doubanio.com/view/photo/m_ratio_poster/public/p457760035.jpg,詹姆斯·卡梅隆,詹姆斯·卡梅隆,莱昂纳多·迪卡普里奥 / 凯特·温斯莱特 / 比利·赞恩 / 凯西·贝茨 / 弗兰西丝·费舍 / 格劳瑞亚·斯图尔特 / 比尔·帕克斯顿 / 伯纳德·希尔,剧情 / 爱情 / 灾难,美国,英语 / 意大利语 / 德语 / 俄语,1998-04-03(中国大陆),194分钟 / 227分钟(白星版),9.5,2531445
阿甘正传,https://img3.doubanio.com/view/photo/m_ratio_poster/public/p510876253.jpg,罗伯特·泽米吉斯,埃里克·罗思,汤姆·汉克斯 / 罗宾·怀特 / 加里·辛尼斯 / 麦凯尔泰·威廉逊 / 莎莉·菲尔德 / 海利·乔·奥斯蒙 / 迈克尔·康纳·亨弗里斯 / 哈罗德·G·赫瑟姆,剧情 / 爱情,美国,英语,1994-06-23(洛杉矶首映),142分钟,9.5,2458589
千与千寻,https://img1.doubanio.com/view/photo/m_ratio_poster/public/p2557573348.jpg,宫崎骏,宫崎骏,柊瑠美 / 入野自由 / 夏木真理 / 菅原文太 / 中村彰男 / 玉井夕海 / 神木隆之介 / 内藤刚志,剧情 / 动画 / 奇幻,日本,日语,2019-06-21(中国大陆),125分钟,9.4,2570351
星际穿越,https://img3.doubanio.com/view/photo/m_ratio_poster/public/p2614988097.jpg,克里斯托弗·诺兰,乔纳森·诺兰,马修·麦康纳 / 安妮·海瑟薇 / 杰西卡·查斯坦 / 麦肯吉·弗依 / 卡西·阿弗莱克 / 迈克尔·凯恩 / 马特·达蒙 / 提莫西·查拉梅,剧情 / 科幻 / 冒险,美国 / 英国 / 加拿大,英语,2014-11-12(中国大陆),169分钟,9.4,2226779
楚门的世界,https://img3.doubanio.com/view/photo/m_ratio_poster/public/p479682972.jpg,彼得·威尔,安德鲁·尼科尔,金·凯瑞 / 劳拉·琳妮 / 艾德·哈里斯 / 诺亚·艾默里奇 / 娜塔莎·麦克艾霍恩,剧情 / 科幻,美国,英语,1998-06-05(美国),103分钟,9.4,2051452
这个杀手不太冷,https://img9.doubanio.com/view/photo/m_ratio_poster/public/p2913554676.jpg,吕克·贝松,吕克·贝松,让·雷诺 / 娜塔莉·波特曼 / 加里·奥德曼 / 丹尼·爱罗 / 彼得·阿佩尔 / 迈克尔·巴达鲁科 / 艾伦·格里尼 / 伊丽莎白·瑞根,剧情 / 动作 / 犯罪,法国 / 美国,英语 / 意大利语 / 法语,2024-11-01(中国大陆),133分钟(中国大陆) / 110分钟(剧场版),9.4,2577891
盗梦空间,https://img9.doubanio.com/view/photo/m_ratio_poster/public/p513344864.jpg,克里斯托弗·诺兰,克里斯托弗·诺兰,莱昂纳多·迪卡普里奥 / 约瑟夫·高登-莱维特 / 艾利奥特·佩吉 / 汤姆·哈迪 / 渡边谦 / 迪利普·劳 / 基里安·墨菲 / 汤姆·贝伦杰,剧情 / 科幻 / 悬疑,美国 / 英国,英语 / 日语 / 法语,2010-09-01(中国大陆),148分钟,9.4,2357918
美丽人生,https://img3.doubanio.com/view/photo/m_ratio_poster/public/p2578474613.jpg,罗伯托·贝尼尼,温琴佐·切拉米,罗伯托·贝尼尼 / 尼可莱塔·布拉斯基 / 乔治·坎塔里尼 / 朱斯蒂诺·杜拉诺 / 赛尔乔·比尼·布斯特里克 / 玛丽萨·帕雷德斯 / 霍斯特·布赫霍尔茨 / 利迪娅·阿方西,剧情 / 喜剧 / 爱情,意大利,意大利语 / 德语 / 英语,2020-01-03(中国大陆),116分钟(国际版) / 125分钟,9.5,1499194
控方证人,https://img3.doubanio.com/view/photo/m_ratio_poster/public/p2927451337.jpg,比利·怀尔德,比利·怀尔德,泰隆·鲍华 / 玛琳·黛德丽 / 查尔斯·劳顿 / 埃尔莎·兰彻斯特 / 约翰·威廉姆斯 / 亨利·丹尼尔 / 伊安·沃尔夫 / 托林·撒切尔,剧情 / 悬疑 / 惊悚,美国,英语 / 德语,2025-12-05(中国大陆),116分钟,9.6,762129
疯狂动物城,https://img9.doubanio.com/view/photo/m_ratio_poster/public/p2924128964.jpg,拜伦·霍华德 / 瑞奇·摩尔 / 杰拉德·布什,,金妮弗·古德温 / 杰森·贝特曼 / 伊德瑞斯·艾尔巴 / 珍妮·斯蕾特 / 内特·托伦斯 / 邦妮·亨特 / 唐·雷克 / 汤米·钟,喜剧 / 动画 / 冒险,美国,英语 / 挪威语,2016-03-04(中国大陆),109分钟(中国大陆) / 108分钟,9.3,2357391
辛德勒的名单,https://img3.doubanio.com/view/photo/m_ratio_poster/public/p492406163.jpg,史蒂文·斯皮尔伯格,托马斯·肯尼利,连姆·尼森 / 本·金斯利 / 拉尔夫·费因斯 / 卡罗琳·古多尔 / 乔纳森·萨加尔 / 艾伯丝·戴维兹 / 马尔戈萨·格贝尔 / 马克·伊瓦涅,剧情 / 历史 / 战争,美国,英语 / 希伯来语 / 德语 / 波兰语,1993-11-30(华盛顿首映),195分钟,9.5,1261041
忠犬八公的故事,https://img1.doubanio.com/view/photo/m_ratio_poster/public/p2587099240.jpg,拉斯·霍尔斯道姆,斯蒂芬·P·林赛,理查·基尔 / 莎拉·罗默尔 / 琼·艾伦 / 罗比·萨布莱特 / 艾瑞克·阿瓦利 / 田川洋行 / 杰森·亚历山大 / 罗伯特·卡普荣,剧情,美国 / 英国,英语 / 日语,2009-06-13(西雅图电影节),93分钟,9.4,1559371
海上钢琴师,https://img9.doubanio.com/view/photo/m_ratio_poster/public/p2914698334.jpg,朱塞佩·托纳多雷,,蒂姆·罗斯 / 普路特·泰勒·文斯 / 比尔·努恩 / 克兰伦斯·威廉姆斯三世 / 梅兰尼·蒂埃里 / 皮特·沃恩 / 尼尔·奥布赖恩 / 阿尔贝托·巴斯克斯,剧情 / 音乐,意大利,英语 / 法语 / 意大利语,2019-11-15(中国大陆),120分钟(国际版) / 170分钟(加长版) / 126分钟,9.3,1900827
机器人总动员,https://img1.doubanio.com/view/photo/m_ratio_poster/public/p2934742160.jpg,安德鲁·斯坦顿,安德鲁·斯坦顿,本·贝尔特 / 艾丽莎·奈特 / 杰夫·格尔林 / 佛莱德·威拉特 / 西格妮·韦弗 / MacInTalk / 约翰·拉森贝格 / 凯茜·纳基麦,科幻 / 动画 / 冒险,美国,英语,2026-08-19(中国大陆),98分钟,9.3,1524001
无间道,https://img3.doubanio.com/view/photo/m_ratio_poster/public/p2597979873.jpg,刘伟强 / 麦兆辉,,刘德华 / 梁朝伟 / 黄秋生 / 曾志伟 / 陈慧琳 / 郑秀文 / 陈冠希 / 余文乐,剧情 / 惊悚 / 犯罪,中国香港,粤语,2003-09-05(中国大陆),101分钟 / 97分钟(导演剪辑版),9.3,1587431
触不可及,https://img9.doubanio.com/view/photo/m_ratio_poster/public/p1454261925.jpg,奥利维埃·纳卡什 / 埃里克·托莱达诺,,弗朗索瓦·克鲁塞 / 奥玛·希 / 安娜·勒尼 / 奥德雷·弗勒罗 / 约瑟芬娜·德·摩 / 克洛蒂尔德·莫莱特 / 阿尔芭·贝露琪 / Cyril Mendy,剧情 / 喜剧,法国,法语,2011-11-02(法国),112分钟,9.3,1314620
放牛班的春天,https://img1.doubanio.com/view/photo/m_ratio_poster/public/p2884280708.jpg,克里斯托夫·巴哈蒂,,让-巴蒂斯特·莫尼耶 / 热拉尔·朱尼奥 / 弗朗索瓦·贝莱昂 / 凯德·麦拉德 / 让-保罗·博奈雷 / 雅克·贝汉 / 玛丽·布奈尔 / 马克桑斯·贝汉,剧情 / 音乐,法国 / 瑞士 / 德国,法语,2004-10-16(中国大陆),97分钟,9.3,1491523
三傻大闹宝莱坞,https://img2.doubanio.com/view/photo/m_ratio_poster/public/p579729551.jpg,拉吉库马尔·希拉尼,维德胡·维诺德·乔普拉,阿米尔·汗 / 卡琳娜·卡普尔 / 马达范 / 沙尔曼·乔希 / 奥米·瓦依达 / 博曼·伊拉尼 / 莫娜·辛格 / 拉杰夫·拉宾德拉纳特安,剧情 / 喜剧 / 爱情,印度,印地语 / 乌尔都语 / 英语,2011-12-08(中国大陆),171分钟(印度),9.2,2102768
哈利·波特与魔法石,https://img1.doubanio.com/view/photo/m_ratio_poster/public/p2913781448.jpg,克里斯·哥伦布,史蒂夫·克洛夫斯,丹尼尔·雷德克里夫 / 艾玛·沃森 / 鲁伯特·格林特 / 艾伦·瑞克曼 / 玛吉·史密斯 / 汤姆·费尔顿 / 伊恩·哈特 / 理查德·哈里斯,奇幻 / 冒险,美国 / 英国,英语,2002-01-26(中国大陆),152分钟 / 159分钟(加长版),9.2,1446965
海蒂和爷爷,https://img9.doubanio.com/view/photo/m_ratio_poster/public/p2554525534.jpg,阿兰·葛斯彭纳,约翰娜·施皮里,阿努克·斯特芬 / 布鲁诺·冈茨 / 昆林·艾格匹 / 安娜·申茨 / 伊莎贝尔·奥特曼 / 莉莲·奈福 / 彼得·杰克林 / 克里斯托夫·高格勒,剧情 / 家庭 / 冒险,德国 / 瑞士,南非语 / 德语 / 瑞士德语,2019-05-16(中国大陆),111分钟,9.3,802084
寻梦环游记,https://img2.doubanio.com/view/photo/m_ratio_poster/public/p2505426431.jpg,李·昂克里奇 / 阿德里安·莫利纳,,安东尼·冈萨雷斯 / 盖尔·加西亚·贝纳尔 / 本杰明·布拉特 / 阿兰娜·乌巴赫 / 芮妮·维克托 / 杰米·卡米尔 / 阿方索·阿雷奥 / 赫伯特·西古恩萨,喜剧 / 动画 / 音乐,美国,英语 / 西班牙语,2017-11-24(中国大陆),105分钟,9.1,2026122
末代皇帝,https://img3.doubanio.com/view/photo/m_ratio_poster/public/p452089833.jpg,贝纳尔多·贝托鲁奇,贝纳尔多·贝托鲁奇,尊龙 / 陈冲 / 邬君梅 / 彼得·奥图尔 / 英若诚 / 吴涛 / 黄自强 / 丹尼斯·邓,剧情 / 传记 / 历史,英国 / 意大利 / 中国大陆 / 法国,英语 / 汉语普通话 / 日语,1987-10-04(东京国际电影节),163分钟 / 218分钟(加长版),9.3,1043915
教父,https://img9.doubanio.com/view/photo/m_ratio_poster/public/p616779645.jpg,弗朗西斯·福特·科波拉,马里奥·普佐,马龙·白兰度 / 阿尔·帕西诺 / 詹姆斯·肯恩 / 理查德·S·卡斯特尔诺 / 罗伯特·杜瓦尔 / 斯特林·海登 / 约翰·马利 / 理查德·康特,剧情 / 犯罪,美国,英语 / 意大利语 / 拉丁语,1972-03-15(纽约首映),175 分钟,9.3,1123323
大话西游之大圣娶亲,https://img9.doubanio.com/view/photo/m_ratio_poster/public/p2455050536.jpg,刘镇伟,刘镇伟,周星驰 / 吴孟达 / 朱茵 / 蔡少芬 / 蓝洁瑛 / 莫文蔚 / 罗家英 / 刘镇伟,喜剧 / 爱情 / 奇幻,中国香港 / 中国大陆,粤语 / 汉语普通话,2014-10-24(中国大陆),95分钟 / 110分钟(重映版),9.2,1730623
龙猫,https://img9.doubanio.com/view/photo/m_ratio_poster/public/p2540924496.jpg,宫崎骏,宫崎骏,日高范子 / 坂本千夏 / 糸井重里 / 岛本须美 / 北林谷荣 / 高木均 / 雨笠利幸 / 丸山裕子,动画 / 奇幻 / 冒险,日本,日语,2018-12-14(中国大陆),86分钟,9.2,1427677
活着,https://img3.doubanio.com/view/photo/m_ratio_poster/public/p2597919477.jpg,张艺谋,芦苇,葛优 / 巩俐 / 姜武 / 牛犇 / 郭涛 / 张璐 / 倪大红 / 肖聪,剧情 / 家庭 / 历史,中国大陆 / 中国香港,汉语普通话,1994-06-30(中国香港),132分钟,9.3,984534
怦然心动,https://img1.doubanio.com/view/photo/m_ratio_poster/public/p501177648.jpg,罗伯·莱纳,罗伯·莱纳,玛德琳·卡罗尔 / 卡兰·麦克奥利菲 / 瑞贝卡·德·莫妮 / 安东尼·爱德华兹 / 约翰·马奥尼 / 佩内洛普·安·米勒 / 艾丹·奎因 / 凯文·韦斯曼,剧情 / 喜剧 / 爱情,美国,英语,2010-07-26(好莱坞首映),90分钟,9.1,2074899
还有明天,https://img9.doubanio.com/view/photo/m_ratio_poster/public/p2918279456.jpg,宝拉·柯特莱西,宝拉·柯特莱西,宝拉·柯特莱西 / 瓦莱里奥·马斯坦德雷亚 / 罗马纳·马乔拉·韦尔加诺 / 埃马努艾拉·法内利 / 乔治·科兰杰利 / 维尼乔·马尔基奥尼 / 弗朗切斯科·琴托拉梅 / 雷法莱·维诺利,剧情 / 喜剧 / 历史,意大利,意大利语 / 英语,2025-03-08(中国大陆),118分钟,9.3,390302
熔炉,https://img9.doubanio.com/view/photo/m_ratio_poster/public/p1363250216.jpg,黄东赫,黄东赫,孔刘 / 郑裕美 / 金贤秀 / 郑仁絮 / 白承焕 / 张矿 / 金民尚 / 林贤成,剧情,韩国,韩语,2011-09-22(韩国),125分钟,9.3,1046586
十二怒汉,https://img3.doubanio.com/view/photo/m_ratio_poster/public/p2173577632.jpg,西德尼·吕美特,雷金纳德·罗斯,亨利·方达 / 马丁·鲍尔萨姆 / 约翰·菲德勒 / 李·科布 / E.G.马绍尔 / 杰克·克卢格曼 / 爱德华·宾斯 / 杰克·沃登,剧情,美国,英语,1957-04-10(美国),96分钟,9.4,589095
大闹天宫,https://img3.doubanio.com/view/photo/m_ratio_poster/public/p2184505167.jpg,万籁鸣,李克弱,邱岳峰 / 富润生 / 毕克 / 尚华 / 于鼎 / 李梓 / 刘广宁,剧情 / 动画 / 奇幻,中国大陆,汉语普通话,1961(中国大陆),113分钟 / 44分钟(上集) / 69分钟(下集) / 84分钟(40周年纪念版),9.4,518226
当幸福来敲门,https://img9.doubanio.com/view/photo/m_ratio_poster/public/p2220721286.jpg,加布里埃莱·穆奇诺,斯蒂夫·康拉德,威尔·史密斯 / 贾登·史密斯 / 坦迪·牛顿 / 布莱恩·豪威 / 詹姆斯·凯伦 / 丹·卡斯泰兰尼塔 / 柯特·富勒 / 塔卡尤·费舍尔,剧情 / 家庭 / 传记,美国,英语 / 粤语,2008-01-17(中国大陆),117分钟,9.1,1707176
飞屋环游记,https://img9.doubanio.com/view/photo/m_ratio_poster/public/p485887754.jpg,彼特·道格特 / 鲍勃·彼德森,,爱德华·阿斯纳 / 克里斯托弗·普卢默 / 乔丹·长井 / 鲍勃·彼德森 / 德尔罗伊·林多 / 杰罗姆·兰福特 / 约翰·拉森贝格 / 大卫·卡耶,剧情 / 喜剧 / 动画,美国,英语,2009-08-04(中国大陆),96分钟,9.1,1521567
蝙蝠侠：黑暗骑士,https://img3.doubanio.com/view/photo/m_ratio_poster/public/p462657443.jpg,克里斯托弗·诺兰,乔纳森·诺兰,克里斯蒂安·贝尔 / 希斯·莱杰 / 艾伦·艾克哈特 / 迈克尔·凯恩 / 玛吉·吉伦哈尔 / 加里·奥德曼 / 摩根·弗里曼 / 莫尼克·加布里埃拉·库尔内,剧情 / 动作 / 科幻,美国 / 英国,英语 / 汉语普通话,2008-07-14(纽约首映),152分钟,9.2,1212713
天空之城,https://img2.doubanio.com/view/photo/m_ratio_poster/public/p2892409201.jpg,宫崎骏,宫崎骏,田中真弓 / 横泽启子 / 初井言荣 / 寺田农 / 常田富士男 / 永井一郎 / 糸博 / 鹫尾真知子,动画 / 奇幻 / 冒险,日本,日语,1992-05-01(中国大陆),125分钟,9.2,1022039
哈尔的移动城堡,https://img9.doubanio.com/view/photo/m_ratio_poster/public/p2907583906.jpg,宫崎骏,宫崎骏,倍赏千惠子 / 木村拓哉 / 美轮明宏 / 我修院达也 / 神木隆之介 / 伊崎充则 / 大泉洋 / 大塚明夫,爱情 / 动画 / 奇幻,日本,日语,2024-04-30(中国大陆),119分钟,9.1,1313859
指环王3：王者无敌,https://img3.doubanio.com/view/photo/m_ratio_poster/public/p2642829472.jpg,彼得·杰克逊,弗兰·威尔士,伊利亚·伍德 / 西恩·奥斯汀 / 维果·莫腾森 / 奥兰多·布鲁姆 / 伊恩·麦克莱恩 / 肖恩·宾 / 多米尼克·莫纳汉 / 丽芙·泰勒,剧情 / 动作 / 奇幻,美国 / 新西兰,英语 / 昆雅语 / 古英语 / 辛达林语,2004-03-12(中国大陆),201分钟 / 254分钟(加长版) / 263分钟(蓝光加长版),9.3,923850
茶馆,https://img9.doubanio.com/view/photo/m_ratio_poster/public/p2528965424.jpg,谢添,,于是之 / 郑榕 / 蓝天野 / 英若诚 / 黄宗洛 / 童超 / 金昭 / 林连昆,剧情 / 历史,中国大陆,汉语普通话,1982(中国大陆),118分钟,9.5,217925
素媛,https://img9.doubanio.com/view/photo/m_ratio_poster/public/p2118532944.jpg,李濬益,金智慧,薛景求 / 严志媛 / 李来 / 金海淑 / 金相镐 / 罗美兰 / 杨真诚 / 权泰元,剧情,韩国,韩语,2013-10-02(韩国),122分钟,9.3,786129
我不是药神,https://img1.doubanio.com/view/photo/m_ratio_poster/public/p2527119568.jpg,文牧野,韩家女,徐峥 / 王传君 / 周一围 / 谭卓 / 章宇 / 杨新鸣 / 王砚辉 / 王佳佳,剧情 / 喜剧,中国大陆,汉语普通话 / 英语 / 上海话 / 印地语,2018-07-05(中国大陆),117分钟,9.0,2381302
高山下的花环,https://img1.doubanio.com/view/photo/m_ratio_poster/public/p2319879389.jpg,谢晋,李存葆,吕晓禾 / 唐国强 / 何伟 / 童超 / 盖克 / 王玉梅 / 刘燕生 / 斯琴高娃,剧情 / 战争,中国大陆,汉语普通话,1984(中国大陆),146分钟,9.5,169804
钢琴家,https://img2.doubanio.com/view/photo/m_ratio_poster/public/p1381339291.jpg,罗曼·波兰斯基,罗纳德·哈伍德,阿德里安·布罗迪 / 托马斯·克莱舒曼 / 艾米莉娅·福克斯 / 米哈乌·热布罗夫斯基 / 埃德·斯托帕德 / 穆琳·利普曼 / 弗兰克·芬莱 / 茱莉亚·蕾娜,剧情 / 音乐 / 传记,英国 / 法国 / 波兰 / 德国 / 美国,英语 / 德语 / 俄语,2002-05-24(戛纳电影节),149分钟,9.3,761083
初步举证,https://img3.doubanio.com/view/photo/m_ratio_poster/public/p2918386473.jpg,贾斯汀·马丁,苏茜·米勒,朱迪·科默,剧情,英国,英语,2025-02-28(中国大陆),109分钟,9.5,215163
乱世佳人,https://img1.doubanio.com/view/photo/m_ratio_poster/public/p1963126880.jpg,维克多·弗莱明 / 乔治·库克 / 山姆·伍德,,费雯·丽 / 克拉克·盖博 / 奥利维娅·德哈维兰 / 托马斯·米切尔 / 芭芭拉·欧内尔 / 伊夫林·凯耶斯 / 安·卢瑟福德 / 乔治·里弗斯,剧情 / 爱情 / 历史,美国,英语,1939-12-15(美国),233分钟,9.3,808367
死亡诗社,https://img1.doubanio.com/view/photo/m_ratio_poster/public/p2575465690.jpg,彼得·威尔,汤姆·舒尔曼,罗宾·威廉姆斯 / 罗伯特·肖恩·莱纳德 / 伊桑·霍克 / 乔西·查尔斯 / 盖尔·汉森 / 迪伦·库斯曼 / 阿勒隆·鲁杰罗 / 詹姆斯·沃特斯顿,剧情,美国,英语 / 拉丁语,1989-06-02(多伦多首映),128 分钟,9.2,900715
猫鼠游戏,https://img2.doubanio.com/view/photo/m_ratio_poster/public/p453924541.jpg,史蒂文·斯皮尔伯格,杰夫·内桑森,莱昂纳多·迪卡普里奥 / 汤姆·汉克斯 / 克里斯托弗·沃肯 / 马丁·辛 / 艾米·亚当斯 / 詹妮弗·加纳 / 伊丽莎白·班克斯 / 纳塔莉·贝伊,剧情 / 传记 / 犯罪,美国 / 加拿大,英语 / 法语,2003-04-11(中国大陆),141 分钟,9.1,1231200
教父2,https://img3.doubanio.com/view/photo/m_ratio_poster/public/p2194138787.jpg,弗朗西斯·福特·科波拉,弗朗西斯·福特·科波拉,阿尔·帕西诺 / 罗伯特·杜瓦尔 / 黛安·基顿 / 罗伯特·德尼罗 / 约翰·凯泽尔 / 塔莉娅·夏尔 / 李·斯特拉斯伯格 / 迈克尔·V·格佐,剧情 / 犯罪,美国,英语 / 意大利语 / 西班牙语 / 拉丁语 / 西西里语,1974-12-12(纽约首映),202分钟,9.3,651098
少年派的奇幻漂流,https://img2.doubanio.com/view/photo/m_ratio_poster/public/p1784592701.jpg,李安,拉菲·斯波 / 扬·马特尔,苏拉·沙玛 / 伊尔凡·可汗 / 拉菲·斯波 / 阿迪勒·侯赛因 / 塔布 / 阿尤什·坦东 / 加塔姆·贝鲁尔 / 阿彦·汗,剧情 / 奇幻 / 冒险,美国 / 中国台湾 / 英国 / 加拿大,英语 / 泰米尔语 / 法语 / 日语 / 印地语 / 汉语普通话,2012-11-22(中国大陆),127分钟,9.1,1505822
摔跤吧！爸爸,https://img1.doubanio.com/view/photo/m_ratio_poster/public/p2401676338.jpg,涅提·蒂瓦里,比于什·古普塔,阿米尔·汗 / 法缇玛·萨那·纱卡 / 桑亚·玛荷塔 / 阿帕尔夏克提·库拉那 / 沙克希·坦沃 / 塞伊拉·沃西 / 苏哈妮·巴特纳格尔 / 里特维克·萨霍里,剧情 / 家庭 / 传记,印度,印地语 / 英语,2017-05-05(中国大陆),161分钟(印度) / 140分钟(中国大陆),9.0,1767839
鬼子来了,https://img1.doubanio.com/view/photo/m_ratio_poster/public/p2930874010.jpg,姜文,姜文,姜文 / 香川照之 / 袁丁 / 姜宏波 / 丛志军 / 李丛喜 / 泽田谦也 / 李海滨,剧情 / 喜剧,中国大陆,汉语普通话 / 日语 / 唐山话,2000-05-12(戛纳电影节),139分钟 / 162分钟(戛纳电影节),9.3,726195
让子弹飞,https://img3.doubanio.com/view/photo/m_ratio_poster/public/p1512562287.jpg,姜文,朱苏进,姜文 / 葛优 / 周润发 / 刘嘉玲 / 陈坤 / 张默 / 姜武 / 周韵,剧情 / 喜剧 / 动作,中国大陆 / 中国香港,汉语普通话 / 四川话 / 山西话,2010-12-16(中国大陆),132分钟,9.0,1942979
何以为家,https://img3.doubanio.com/view/photo/m_ratio_poster/public/p2875749222.jpg,娜丁·拉巴基,娜丁·拉巴基,赞恩·阿尔·拉菲亚 / 约丹诺斯·希费罗 / 博鲁瓦蒂夫·特雷杰·班科尔 / 卡萨尔·艾尔·哈达德 / 法迪·尤瑟夫 / 海塔·塞德拉·伊扎姆 / 阿拉·乔什涅 / 娜丁·拉巴基,剧情,黎巴嫩 / 美国 / 法国 / 塞浦路斯 / 卡塔尔 / 英国,阿拉伯语 / 阿姆哈拉语,2019-04-29(中国大陆),126分钟 / 117分钟(中国大陆),9.1,1174372
指环王2：双塔奇兵,https://img9.doubanio.com/view/photo/m_ratio_poster/public/p2640236255.jpg,彼得·杰克逊,弗兰·威尔士,伊利亚·伍德 / 西恩·奥斯汀 / 多米尼克·莫纳汉 / 奥兰多·布鲁姆 / 维果·莫腾森 / 伊恩·麦克莱恩 / 凯特·布兰切特 / 比利·博伊德,剧情 / 动作 / 奇幻,美国 / 新西兰,英语 / 辛达林语 / 古代英语,2003-04-25(中国大陆),180分钟 / 223分钟(加长版) / 235分钟(蓝光加长版),9.2,870518
狮子王,https://img3.doubanio.com/view/photo/m_ratio_poster/public/p726659067.jpg,罗杰·阿勒斯 / 罗伯·明可夫,,乔纳森·泰勒·托马斯 / 马修·布罗德里克 / 杰瑞米·艾恩斯 / 詹姆斯·厄尔·琼斯 / 莫伊拉·凯利 / 内森·连恩 / 尼基塔·卡兰姆 / 埃林·萨贝拉,动画 / 歌舞 / 冒险,美国,英语 / 斯瓦希里语 / 科萨语 / 祖鲁语,1995-07-15(中国大陆),89 分钟,9.1,974459
饮食男女,https://img2.doubanio.com/view/photo/m_ratio_poster/public/p1910899751.jpg,李安,李安,郎雄 / 杨贵媚 / 吴倩莲 / 王渝文 / 张艾嘉 / 归亚蕾 / 赵文瑄 / 陈昭荣,剧情 / 家庭,中国台湾 / 美国,汉语普通话 / 闽南语 / 湖南话,1994-07-02(中国台湾),124分钟,9.2,739393
机器人之梦,https://img1.doubanio.com/view/photo/m_ratio_poster/public/p2928203369.jpg,巴勃罗·贝格尔,巴勃罗·贝格尔,伊万·拉班达,剧情 / 动画 / 音乐,西班牙 / 法国,无对白,2024-06-08(中国大陆),102分钟,9.1,465638
穿条纹睡衣的男孩,https://img3.doubanio.com/view/photo/m_ratio_poster/public/p1473670352.jpg,马克·赫尔曼,约翰·伯恩,阿萨·巴特菲尔德 / 维拉·法米加 / 卡拉·霍根 / 祖萨·霍尔 / 安贝尔·比蒂 / 拉斯洛·阿隆 / 大卫·休里斯 / 理查德·约翰逊,剧情 / 战争,英国 / 美国,英语 / 西班牙语,2008-08-28(卡内基电影节),94分钟,9.2,650228
绿皮书,https://img2.doubanio.com/view/photo/m_ratio_poster/public/p2531065411.jpg,彼得·法雷里,尼克·瓦莱隆加,维果·莫腾森 / 马赫沙拉·阿里 / 琳达·卡德里尼 / 塞巴斯蒂安·马尼斯科 / 迪米特·D·马里诺夫 / 迈克·哈顿 / P·J·伯恩 / 乔·柯蒂斯,剧情 / 喜剧 / 音乐,美国 / 中国大陆,英语 / 意大利语 / 俄语 / 德语,2019-03-01(中国大陆),130分钟,8.9,1920097
大话西游之月光宝盒,https://img3.doubanio.com/view/photo/m_ratio_poster/public/p2561721372.jpg,刘镇伟,刘镇伟,周星驰 / 吴孟达 / 罗家英 / 蓝洁瑛 / 莫文蔚 / 江约诚 / 陆树铭 / 刘镇伟,喜剧 / 爱情 / 奇幻,中国香港 / 中国大陆,粤语 / 汉语普通话,2014-10-24(中国大陆),88分钟,9.0,1384712
闻香识女人,https://img1.doubanio.com/view/photo/m_ratio_poster/public/p2550757929.jpg,马丁·布莱斯特,博·古德曼,阿尔·帕西诺 / 克里斯·奥唐纳 / 詹姆斯·瑞布霍恩 / 加布里埃尔·安瓦尔 / 菲利普·塞默·霍夫曼 / 理查德·文彻 / 布莱德利·惠特福德 / 罗谢尔·奥利弗,剧情,美国,英语,1992-12-23(美国),157 分钟,9.1,1036715
好东西,https://img2.doubanio.com/view/photo/m_ratio_poster/public/p2915454411.jpg,邵艺辉,邵艺辉,宋佳 / 钟楚曦 / 曾慕梅 / 章宇 / 赵又廷 / 任彬 / 张弛 / 周野芒,剧情 / 爱情,中国大陆,汉语普通话,2024-11-22(中国大陆),123分钟,8.9,1245358
黑客帝国,https://img1.doubanio.com/view/photo/m_ratio_poster/public/p451926968.jpg,莉莉·沃卓斯基 / 拉娜·沃卓斯基,,基努·里维斯 / 劳伦斯·菲什伯恩 / 凯瑞-安·莫斯 / 雨果·维文 / 格洛丽亚·福斯特 / 乔·潘托里亚诺 / 马库斯·钟 / 朱利安·阿拉汗加,动作 / 科幻,美国,英语,2000-01-14(中国大陆),136分钟,9.1,965418
指环王1：护戒使者,https://img9.doubanio.com/view/photo/m_ratio_poster/public/p2197698335.jpg,彼得·杰克逊,弗兰·威尔士,伊利亚·伍德 / 西恩·奥斯汀 / 伊恩·麦克莱恩 / 维果·莫腾森 / 奥兰多·布鲁姆 / 多米尼克·莫纳汉 / 比利·博伊德 / 克里斯托弗·李,剧情 / 动作 / 奇幻,新西兰 / 美国 / 英国,英语 / 辛达林语,2002-04-04(中国大陆),179分钟 / 208分钟(加长版) / 228分钟(蓝光加长版),9.1,974802
罗马假日,https://img9.doubanio.com/view/photo/m_ratio_poster/public/p2189265085.jpg,威廉·惠勒,达尔顿·特朗勃,奥黛丽·赫本 / 格利高里·派克 / 埃迪·艾伯特 / 哈特利·鲍尔 / 哈考特·威廉姆斯 / 玛格丽特·罗林斯 / 托里奥·卡米纳提 / 保罗·卡利尼,剧情 / 喜剧 / 爱情,美国,英语 / 意大利语 / 德语,1953-08-20(威尼斯电影节),118分钟,9.1,1059533
天堂电影院,https://img1.doubanio.com/view/photo/m_ratio_poster/public/p2653054340.jpg,朱塞佩·托纳多雷,朱塞佩·托纳多雷,菲利普·努瓦雷 / 萨瓦特利·卡西欧 / 雅克·贝汉 / 马克·莱昂纳蒂 / 莱奥波多·特里耶斯泰 / 安东内拉·阿蒂利 / 恩佐·卡拉瓦勒 / 艾萨·丹尼埃利,剧情 / 爱情,意大利 / 法国,意大利语,2021-06-11(中国大陆),173分钟(导演剪辑版) / 125分钟 / 124分钟(中国大陆),9.2,750384
摩登时代,https://img1.doubanio.com/view/photo/m_ratio_poster/public/p2263408369.jpg,查理·卓别林,查理·卓别林,查理·卓别林 / 宝莲·高黛 / 亨利·伯格曼 / 蒂尼·桑福德 / 切斯特·康克林 / 汉克·曼 / 斯坦利·布莱斯通 / 阿尔·欧内斯特·加西亚,剧情 / 喜剧 / 爱情,美国,英语,1936-02-25(美国),87分钟,9.3,353204
哈利·波特与阿兹卡班的囚徒,https://img1.doubanio.com/view/photo/m_ratio_poster/public/p2913456870.jpg,阿方索·卡隆,史蒂夫·克洛夫斯,丹尼尔·雷德克里夫 / 艾玛·沃森 / 鲁伯特·格林特 / 加里·奥德曼 / 朱丽·沃特斯 / 邦妮·怀特 / 大卫·休里斯 / 迈克尔·刚本,奇幻 / 冒险,英国 / 美国,英语,2004-09-10(中国大陆),141分钟,9.0,907467
哈利·波特与死亡圣器(下),https://img1.doubanio.com/view/photo/m_ratio_poster/public/p2913457020.jpg,大卫·叶茨,史蒂夫·克洛夫斯,丹尼尔·雷德克里夫 / 艾玛·沃森 / 鲁伯特·格林特 / 海伦娜·伯翰·卡特 / 拉尔夫·费因斯 / 艾伦·瑞克曼 / 玛吉·史密斯 / 汤姆·费尔顿,奇幻 / 冒险,美国 / 英国,英语,2011-08-04(中国大陆),130分钟,9.0,985907
功夫,https://img1.doubanio.com/view/photo/m_ratio_poster/public/p2219011938.jpg,周星驰,曾瑾昌,周星驰 / 元秋 / 元华 / 黄圣依 / 梁小龙 / 陈国坤 / 田启文 / 林子聪,喜剧 / 动作 / 犯罪,中国大陆 / 中国香港,粤语 / 汉语普通话 / 手语,2004-12-23(中国大陆),100分钟(3D重映) / 95分钟(中国大陆) / 99分钟(美国),8.9,1365603
一一,https://img3.doubanio.com/view/photo/m_ratio_poster/public/p2923629857.jpg,杨德昌,杨德昌,吴念真 / 李凯莉 / 金燕玲 / 张洋洋 / 萧淑慎 / 尾形一成 / 陈希圣 / 林孟瑾,剧情 / 爱情 / 家庭,中国台湾 / 日本,汉语普通话 / 闽南语 / 英语 / 日语,2017-07-28(中国台湾),173分钟,9.1,528445
美丽心灵,https://img1.doubanio.com/view/photo/m_ratio_poster/public/p1665997400.jpg,朗·霍华德,阿齐瓦·高斯曼,罗素·克劳 / 艾德·哈里斯 / 詹妮弗·康纳利 / 克里斯托弗·普卢默 / 保罗·贝坦尼 / 亚当·戈德堡 / 乔什·卢卡斯 / 安东尼·拉普,剧情 / 传记,美国,英语,2001-12-13(加州首映),135分钟,9.1,862146
背靠背，脸对脸,https://img3.doubanio.com/view/photo/m_ratio_poster/public/p2505048077.jpg,黄建新 / 杨亚洲,,牛振华 / 雷恪生 / 李强 / 句号 / 王劲松 / 戈治均 / 佘南南 / 张嘉益,剧情,中国大陆 / 中国香港,汉语普通话,1994-09-10(多伦多电影节),148分钟 / 205分钟(电视剧加长版),9.4,186645
窃听风暴,https://img1.doubanio.com/view/photo/m_ratio_poster/public/p1808872109.jpg,弗洛里安·亨克尔·冯·多纳斯马尔克,弗洛里安·亨克尔·冯·多纳斯马尔克,乌尔里希·穆埃 / 马蒂娜·格德克 / 塞巴斯蒂安·科赫 / 乌尔里希·图库尔 / 托马斯·蒂梅 / 汉斯-尤韦·鲍尔 / 沃克马·克莱纳特 / 马提亚斯·布伦纳,剧情 / 悬疑,德国,德语,2006-03-23(德国),137分钟,9.2,639936
音乐之声,https://img1.doubanio.com/view/photo/m_ratio_poster/public/p2585102899.jpg,罗伯特·怀斯,,朱莉·安德鲁斯 / 克里斯托弗·普卢默 / 埃琳诺·帕克 / 理查德·海顿 / 佩吉·伍德 / 查尔敏·卡尔 / 希瑟·孟席斯-尤里克 / 尼古拉斯·哈蒙德,剧情 / 爱情 / 歌舞,美国,英语 / 德语,1965-03-02(美国),174分钟,9.1,694166
拯救大兵瑞恩,https://img9.doubanio.com/view/photo/m_ratio_poster/public/p1014542496.jpg,史蒂文·斯皮尔伯格,罗伯特·罗达特,汤姆·汉克斯 / 汤姆·塞兹摩尔 / 爱德华·伯恩斯 / 巴里·佩珀 / 亚当·戈德堡 / 范·迪塞尔 / 吉奥瓦尼·瑞比西 / 杰瑞米·戴维斯,剧情 / 战争,美国,英语 / 法语 / 德语 / 捷克语,1998-11-13(中国大陆),169分钟,9.1,737614
小鞋子,https://img9.doubanio.com/view/photo/m_ratio_poster/public/p2165511465.jpg,马基德·马基迪,马基德·马基迪,默罕默德·阿米尔·纳吉 / 阿米尔·法拉赫·哈什米安 / 巴哈丽·西迪奇 / 纳菲丝·贾法-穆罕默迪 / 费雷什特·萨拉班迪 / Dariush Mokhtari / 克里斯托弗·马利基,剧情 / 家庭 / 儿童,伊朗,波斯语,1997-02-01(曙光旬国际电影节),89分钟,9.2,474923
忠犬八公物语,https://img9.doubanio.com/view/photo/m_ratio_poster/public/p2603716224.jpg,神山征二郎,新藤兼人,仲代达矢 / 八千草薰 / 柳叶敏郎 / 尾美利德 / 石野真子 / 春川真澄 / 殿山泰司 / 加藤嘉,剧情,日本,日语,1987-08-01(日本),107 分钟,9.2,222734
本杰明·巴顿奇事,https://img3.doubanio.com/view/photo/m_ratio_poster/public/p2192535722.jpg,大卫·芬奇,埃里克·罗思,布拉德·皮特 / 凯特·布兰切特 / 朱莉娅·奥蒙德 / 芳妮·A·钱勃丝 / 伊莱亚斯·科泰斯 / 杰森·弗莱明 / 大卫·詹森 / 蒂尔达·斯文顿,剧情 / 爱情 / 奇幻,美国,英语 / 俄语 / 法语,2008-12-25(美国),166分钟,9.0,1118851
天书奇谭,https://img9.doubanio.com/view/photo/m_ratio_poster/public/p2700138245.jpg,王树忱 / 钱运达,,丁建华 / 毕克 / 苏秀 / 程晓桦 / 施融 / 于鼎 / 杨成纯 / 孙渝烽,动画 / 奇幻,中国大陆,汉语普通话,1983(中国大陆),89分钟 / 100分钟(中国大陆重映),9.2,344155
情书,https://img1.doubanio.com/view/photo/m_ratio_poster/public/p2648230660.jpg,岩井俊二,岩井俊二,中山美穗 / 丰川悦司 / 酒井美纪 / 柏原崇 / 范文雀 / 篠原胜之 / 铃木庆一 / 田口智朗,剧情 / 爱情,日本,日语,1999-03(中国大陆),117分钟,8.9,1345347
辩护人,https://img9.doubanio.com/view/photo/m_ratio_poster/public/p2158166535.jpg,杨宇硕,杨宇硕,宋康昊 / 金迎爱 / 吴达洙 / 郭度沅 / 任时完 / 宋永彰 / 郑元中 / 赵敏基,剧情,韩国,韩语,2013-12-18(韩国),127分钟,9.2,664499
心灵捕手,https://img9.doubanio.com/view/photo/m_ratio_poster/public/p480965695.jpg,格斯·范·桑特,本·阿弗莱克,马特·达蒙 / 罗宾·威廉姆斯 / 本·阿弗莱克 / 斯特兰·斯卡斯加德 / 明妮·德里弗 / 卡西·阿弗莱克 / 科尔·豪瑟 / 约翰·迈顿,剧情,美国,英语,1997-12-05(美国),126分钟,9.0,827939
搏击俱乐部,https://img3.doubanio.com/view/photo/m_ratio_poster/public/p1910931622.jpg,大卫·芬奇,恰克·帕拉尼克,爱德华·诺顿 / 布拉德·皮特 / 海伦娜·伯翰·卡特 / 扎克·格雷尼尔 / 米特·洛夫 / 杰瑞德·莱托 / 艾恩·贝利 / 里奇蒙德·阿奎特,剧情 / 动作 / 悬疑,美国,英语,1999-09-10(威尼斯电影节),139 分钟,9.0,993286
世界的主人,https://img3.doubanio.com/view/photo/m_ratio_poster/public/p2924183583.jpg,尹佳恩,尹佳恩,徐粹彬 / 张慧珍 / 金郑植 / 姜彩允 / 李宰锡 / 朴知玧 / 金艺昶 / 高旻示,剧情,韩国,韩语,2025-09-07(多伦多电影节),119分钟,9.0,155012
哈利·波特与密室,https://img2.doubanio.com/view/photo/m_ratio_poster/public/p2913781951.jpg,克里斯·哥伦布,史蒂夫·克洛夫斯,丹尼尔·雷德克里夫 / 艾玛·沃森 / 鲁伯特·格林特 / 汤姆·费尔顿 / 理查德·格雷弗斯 / 费奥纳·肖 / 托比·琼斯 / 朱丽·沃特斯,奇幻 / 冒险,英国 / 美国,英语,2003-01-24(中国大陆),161分钟 / 174分钟(加长版),8.9,934511
泳者之心,https://img3.doubanio.com/view/photo/m_ratio_poster/public/p2910815887.jpg,乔阿吉姆·罗恩尼,杰夫·内桑森,黛西·雷德利 / 蒂尔达·格哈姆-哈维 / 斯蒂芬·格拉汉姆 / 金·波德尼亚 / 詹妮特·海因 / 格伦·弗莱舍尔 / 茜安·克利福德 / 克里斯托弗·埃克莱斯顿,剧情 / 传记 / 运动,美国,英语 / 德语,2024-05-31(美国/中国大陆),129分钟,9.1,231237
超脱,https://img2.doubanio.com/view/photo/m_ratio_poster/public/p1305562621.jpg,托尼·凯耶,卡尔·隆德,阿德里安·布罗迪 / 马西娅·盖伊·哈登 / 詹姆斯·肯恩 / 克里斯蒂娜·亨德里克斯 / 刘玉玲 / 布莱思·丹纳 / 蒂姆·布雷克·尼尔森 / 威廉·彼德森,剧情,美国,英语,2011-04-25(翠贝卡电影节),98分钟,9.0,735808
芙蓉镇,https://img1.doubanio.com/view/photo/m_ratio_poster/public/p2575337180.jpg,谢晋,阿城,刘晓庆 / 姜文 / 郑在石 / 张光北 / 徐松子 / 祝士彬 / 刘利年 / 徐宁,剧情 / 爱情,中国大陆,汉语普通话,1987-03-05(中国大陆上海首映),164 分钟,9.3,198013
两杆大烟枪,https://img1.doubanio.com/view/photo/m_ratio_poster/public/p792443418.jpg,盖·里奇,盖·里奇,杰森·弗莱明 / 德克斯特·弗莱彻 / 尼克·莫兰 / 杰森·斯坦森 / 斯蒂文·麦金托什 / 尼古拉斯·罗尔 / 维尼·琼斯 / 蓝尼·麦克林,剧情 / 喜剧 / 犯罪,英国,英语,1998-08-28(英国),107分钟 / 115分钟(导演剪辑版),9.1,688272
阿凡达,https://img1.doubanio.com/view/photo/m_ratio_poster/public/p2180085848.jpg,詹姆斯·卡梅隆,詹姆斯·卡梅隆,萨姆·沃辛顿 / 佐伊·索尔达娜 / 西格妮·韦弗 / 史蒂芬·朗 / 米歇尔·罗德里格兹 / 吉奥瓦尼·瑞比西 / 乔·大卫·摩尔 / 希·庞德,动作 / 科幻 / 冒险,美国,英语 / 西班牙语,2010-01-04(中国大陆),162分钟 / 178分钟(加长版),8.8,1604026
狩猎,https://img3.doubanio.com/view/photo/m_ratio_poster/public/p1546987967.jpg,托马斯·温特伯格,托马斯·温特伯格,麦斯·米科尔森 / 托玛斯·博·拉森 / 安妮卡·韦德科普 / 拉丝·弗格斯托姆 / 苏西·沃德 / 亚历山德拉·拉帕波特 / 布贾内·亨里克森 / 安妮·路易丝·哈辛,剧情,丹麦 / 瑞典,丹麦语 / 英语 / 波兰语,2012-05-20(戛纳电影节),115分钟 / 110分钟,9.1,480635
哪吒闹海,https://img9.doubanio.com/view/photo/m_ratio_poster/public/p2532803206.jpg,王树忱 / 严定宪 / 徐景达,,梁正晖 / 邱岳峰 / 毕克 / 富润生 / 尚华 / 于鼎,动画 / 奇幻 / 冒险,中国大陆,汉语普通话,1979-05-19(中国大陆),62分钟,9.2,314643
七武士,https://img9.doubanio.com/view/photo/m_ratio_poster/public/p2215886505.jpg,黑泽明,黑泽明,三船敏郎 / 志村乔 / 津岛惠子 / 岛崎雪子 / 藤原釜足 / 加东大介 / 木村功 / 千秋实,剧情 / 动作 / 冒险,日本,日语,1954-04-26(日本),207分钟 / 160分钟(国际版) / 150分钟(英国初版) / 190分钟(英国1991重映版) / 141分钟(美国初版) / 203分钟(美国重映版),9.3,241654
加勒比海盗,https://img9.doubanio.com/view/photo/m_ratio_poster/public/p1596085504.jpg,戈尔·维宾斯基,泰德·艾略特,约翰尼·德普 / 杰弗里·拉什 / 奥兰多·布鲁姆 / 凯拉·奈特莉 / 杰克·达文波特 / 乔纳森·普雷斯,动作 / 奇幻 / 冒险,美国,英语,2003-11-21(中国大陆),143 分钟,8.9,984943
西西里的美丽传说,https://img1.doubanio.com/view/photo/m_ratio_poster/public/p2441988159.jpg,朱塞佩·托纳多雷,朱塞佩·托纳多雷,莫妮卡·贝鲁奇 / 朱塞佩·苏尔法罗 / Luciano Federico / 玛蒂尔德·皮亚纳 / Pietro Notarianni / Gaetano Aronica / Gilberto Idonea / Angelo Pellegrino,剧情 / 情色 / 战争,意大利 / 美国,意大利语 / 英语 / 拉丁语 / 古希腊语,2000-10-27(意大利),108分钟,8.9,1105949
布达佩斯大饭店,https://img3.doubanio.com/view/photo/m_ratio_poster/public/p2183539003.jpg,韦斯·安德森,裘德·洛 / 韦斯·安德森,拉尔夫·费因斯 / 托尼·雷沃罗利 / 阿德里安·布罗迪 / 威廉·达福 / 裘德·洛 / 爱德华·诺顿 / 西尔莎·罗南 / 蒂尔达·斯文顿,剧情 / 喜剧 / 冒险,美国 / 德国 / 英国,英语 / 法语 / 德语,2014-02-06(柏林电影节),99分钟,8.9,1101501
头脑特工队,https://img1.doubanio.com/view/photo/m_ratio_poster/public/p2874927470.jpg,彼特·道格特 / 罗纳尔多·德尔·卡门,,艾米·波勒 / 菲利丝·史密斯 / 理查德·坎德 / 比尔·哈德尔 / 刘易斯·布莱克 / 敏迪·卡灵 / 凯特林·迪亚斯 / 戴安·琳恩,喜剧 / 动画 / 冒险,美国,英语,2015-10-06(中国大陆),95分钟,8.9,825587
杀死比尔：血色全传,https://img3.doubanio.com/view/photo/m_ratio_poster/public/p2935283057.jpg,昆汀·塔伦蒂诺,昆汀·塔伦蒂诺,乌玛·瑟曼 / 刘玉玲 / 薇薇卡·福克斯 / 达丽尔·汉纳 / 迈克尔·马德森 / 大卫·卡拉丁 / 千叶真一 / 朱莉·德赖弗斯,动作 / 犯罪,美国,英语 / 日语 / 粤语 / 西班牙语 / 法语,2026-09-04(中国大陆),276分钟(中国大陆) / 253分钟,8.7,108809
